Question,Answer,Category,Keywords,Popular_Count
What destinations do you offer?,We offer travel packages to 50+ destinations including Europe Asia Middle East  Southeast Asia and more. Ask us about any specific destination!,general,"destinations, travel, places, countries, where",0
How do I book a travel package?,You can book a travel package by contacting our team via this chat  calling us or visiting our website. Share your destination and travel dates to get started!,booking,"book, booking, package, reserve, how to",0
What is included in your travel packages?,"Our packages typically include flights, hotel accommodation, airport transfers, and sometimes guided tours. Exact inclusions vary by package — ask for details on your chosen destination.",booking,"package, included, includes, what is in",0
How much does a travel package cost?,"Package costs vary by destination, duration, and season. Budget packages start from $500 per person. Ask us for a custom quote for your trip!",booking,"cost, price, how much, fee, charges, package",0
Can I customize my travel package?,Yes! We offer fully customizable packages. Tell us your preferred destinations budget travel dates and we'll build a perfect itinerary for you.,booking,"customize, custom, tailor, personalize, flexible",0
What is your cancellation policy?,"Our cancellation policy depends on the package. Generally, cancellations made 30+ days before departure receive a full refund. Contact us for your specific package details.",booking,"cancel, cancellation, refund, policy",0
Do you offer group travel packages?,"Yes, we specialize in group travel! We offer discounts for groups of 10 or more. Contact us for a custom group quote.",booking,"group, group travel, group booking, multiple people",0
Can I pay in installments?,"Yes, we offer easy installment plans. You can pay a deposit upfront and the rest in monthly installments. Ask us for details.",booking,"installment, emi, pay monthly, payment plan",0
What payment methods do you accept?,"We accept credit cards, debit cards, bank transfers, and online payment gateways. Ask our team for current options.",booking,"payment, pay, credit card, debit, bank transfer",0
Is travel insurance included in your packages?,Some packages include travel insurance. We also offer optional travel insurance add-ons to cover medical  trip cancellation and baggage loss.,booking,"insurance, travel insurance, covered, protect",0
How early should I book my travel package?,"We recommend booking at least 4-6 weeks in advance, especially for peak seasons. Early bookings often get better prices!",booking,"early, advance, when to book, how soon",0
Do you offer last-minute travel deals?,Yes! We sometimes have last-minute deals with great discounts. Contact our team or check our latest offers page.,booking,"last minute, last-minute, urgent, deal, offer, discount",0
What is the best time to book cheap flights?,The best time to book cheap flights is 1-3 months in advance for international routes. Tuesday and Wednesday are often the cheapest days to book.,flight,"cheap flights, best time, when to book, affordable flights",0
How do I book a flight?,You can book flights directly through our platform or we can assist you. Share your origin destination and travel dates and we'll find the best options.,flight,"book flight, flight booking, how to book, reserve flight",0
Do you book international flights?,Yes! We book both domestic and international flights. We work with all major airlines to find you the best deals.,flight,"international, international flight, overseas, abroad",0
Which airlines do you work with?,"We work with over 50 airlines including Emirates, Air India, British Airways, Lufthansa, Qatar Airways, Singapore Airlines, and many more.",flight,"airlines, which airline, airline partners, carriers",0
Can I choose my seat on the flight?,Seat selection is available for most airlines. We can help you with seat preferences at the time of booking.,flight,"seat, seat selection, choose seat, window seat, aisle",0
What is the baggage allowance on flights?,Baggage allowance varies by airline and ticket class. Economy typically allows 20-23kg checked baggage. We'll inform you of specifics when booking.,flight,"baggage, luggage, allowance, weight, kg, carry on",0
Can I add extra baggage?,"Yes, extra baggage can be added to most bookings. Charges vary by airline. We'll help you arrange it.",flight,"extra baggage, add baggage, more luggage",0
What happens if my flight is cancelled?,"If your flight is cancelled, you are entitled to a full refund or rebooking on the next available flight. We'll assist you through the process.",flight,"flight cancelled, cancellation, refund, rebook",0
How can I check my flight status?,You can check flight status on the airline's official website or app using your booking reference. We can also assist you.,flight,"flight status, check flight, on time, delay",0
Do you offer business class tickets?,"Yes, we offer economy, premium economy, business class, and first class tickets. Ask us for pricing on your preferred class.",flight,"business class, first class, premium, class, upgrade",0
Can I get a refund if I cancel my flight?,Refund eligibility depends on the fare type. Fully flexible fares are fully refundable. We'll guide you through the refund process.,flight,"refund, flight refund, cancel flight, money back",0
What are the best budget airlines?,"Some popular budget airlines include IndiGo, SpiceJet, AirAsia, EasyJet, and Ryanair. We can help you find the best budget option for your route.",flight,"budget airline, cheap airline, low cost, affordable",0
Can I book a connecting flight?,Yes! We can book both direct and connecting flights based on your preference and budget.,flight,"connecting, layover, transit, stopover, connection",0
How long is the layover on connecting flights?,Layover times vary by booking. We aim for comfortable layovers of 2-4 hours for international connections. We'll inform you before booking.,flight,"layover, transit time, stopover duration, connection time",0
What hotels do you recommend in Paris?,"In Paris, we recommend hotels near the Eiffel Tower, Champs-Élysées, or Le Marais district. We work with 3-star to 5-star properties.",hotel,"hotel Paris, Paris accommodation, where to stay Paris",0
Do you book hotels only or full packages?,We offer both hotel-only bookings and full travel packages with flights and hotel combined. Let us know your preference!,hotel,"hotel only, accommodation only, just hotel",0
What types of hotels do you offer?,"We offer budget hotels, 3-star, 4-star, and 5-star luxury hotels, resorts, boutique hotels, and serviced apartments.",hotel,"hotel type, star hotel, luxury hotel, budget hotel, resort",0
Do you offer resort bookings?,"Yes! We book beach resorts, mountain resorts, and luxury island resorts. Tell us your destination for resort recommendations.",hotel,"resort, beach resort, island resort, luxury resort",0
Is breakfast included in the hotel booking?,Breakfast inclusion depends on the package or room type chosen. Many of our packages include breakfast (BB or HB). Ask us when booking.,hotel,"breakfast, meal, included meals, BB, HB, full board",0
Can I request early check-in or late check-out?,Early check-in and late check-out are subject to hotel availability. We can make a request on your behalf when booking.,hotel,"early check in, late check out, check in time, check out time",0
Are hotel transfers included?,"Airport-to-hotel transfers are included in most of our full packages. If booking hotel-only, we can arrange transfers separately.",hotel,"transfer, airport transfer, pickup, drop, shuttle",0
Can I get a sea view room?,Room requests like sea view  pool view,hotel,"sea view, ocean view, room view, pool view, preference",0
Do you offer honeymoon hotel packages?,"Yes! We have special honeymoon packages with romantic room setups, candle-lit dinners, couples' spa, and more.",hotel,"honeymoon, couples, romantic, anniversary, special occasion",0
What is the hotel check-in time?,"Standard hotel check-in is between 2:00 PM – 4:00 PM. We can request early check-in on your behalf, subject to availability.",hotel,"check in time, when check in, arrival time",0
How do I get a visa for Dubai?,Dubai offers visa-on-arrival for some nationalities. Others need to apply in advance. We assist with Dubai visa applications!,visa,"Dubai visa, UAE visa, visa Dubai, apply Dubai",0
How do I get a Schengen visa?,A Schengen visa allows travel across 27 European countries. You need to apply at the embassy of your main destination. We provide full Schengen visa assistance.,visa,"Schengen visa, Europe visa, European visa, Schengen",0
Do you provide visa assistance?,"Yes! We provide end-to-end visa assistance including document checklist, application help, and appointment scheduling.",visa,"visa assistance, visa help, visa support, apply visa",0
What documents are required for a visa?,"Typical visa documents include valid passport (6 months validity), photos, bank statements, travel insurance, hotel bookings, and flight tickets. Requirements vary by country.",visa,"visa documents, documents required, passport, what to submit",0
How long does visa processing take?,Visa processing typically takes 5-15 working days. Some countries offer express processing in 2-3 days. Apply early to be safe!,visa,"visa processing, how long, visa time, processing time",0
Can you help me with a US visa?,"Yes, we assist with US B1/B2 tourist visa applications including DS-160 form filling, appointment scheduling, and document preparation.",visa,"US visa, USA visa, America visa, B1 B2",0
Do I need a visa for Thailand?,Many nationalities get visa-on-arrival or visa-free entry to Thailand for up to 30 days. We can confirm your eligibility based on your passport.,visa,"Thailand visa, visa Thailand, Thai visa, Bangkok visa",0
What is a visa on arrival?,Visa on arrival means you receive your visa at the destination airport instead of applying in advance. Available for select nationalities at many destinations.,visa,"visa on arrival, VOA, visa at airport, on arrival",0
Can I get a tourist visa for Bali?,Bali (Indonesia) offers free visa-on-arrival for many nationalities for 30 days with a possible 30-day extension. We can guide you through it.,visa,"Bali visa, Indonesia visa, Bali travel",0
How do I renew my passport?,"Passport renewal is done at your country's passport office. You'll need your old passport, photos, application form, and fee. We can guide you on the process.",visa,"passport renewal, renew passport, expired passport",0
Is travel insurance mandatory for visa?,Travel insurance is mandatory for Schengen visas and strongly recommended for all international travel. We offer affordable travel insurance options.,visa,"travel insurance, insurance mandatory, insurance visa",0
What is a transit visa?,A transit visa allows you to pass through a country without entering it. Required by some nationalities when transiting through certain countries.,visa,"transit visa, transit, layover visa, stopover visa",0
Do I need a visa for Maldives?,No visa is required for most nationalities visiting Maldives. You get a 30-day free visa on arrival. Just book your stay and go!,visa,"Maldives visa, visa Maldives, no visa",0
What is the best destination for a honeymoon?,"Top honeymoon destinations include Maldives, Bali, Paris, Santorini, Mauritius, and the Amalfi Coast. We have special honeymoon packages for all!",general,"honeymoon destination, best honeymoon, romantic destination, couples travel",0
What is the best time to visit Europe?,The best time to visit Europe is May to September for warm weather and festivals. December is great for Christmas markets.,general,"best time Europe, when to visit Europe, Europe weather, Europe season",0
What currency is used in Dubai?,Dubai uses the UAE Dirham (AED). 1 USD ? 3.67 AED. Major currencies and cards are widely accepted.,general,"currency Dubai, UAE dirham, money Dubai, exchange rate",0
Do I need travel insurance?,"Yes, we strongly recommend travel insurance for all trips. It covers medical emergencies, trip cancellations, baggage loss, and flight delays.",general,"travel insurance, insurance, do I need insurance",0
What vaccinations do I need for travel?,Vaccination requirements vary by destination. Some countries require Yellow Fever or COVID-19 vaccinations. Consult your doctor 4-6 weeks before travel.,general,"vaccination, vaccine, health requirements, medical",0
What should I pack for a beach vacation?,"Pack lightweight clothes, swimwear, sunscreen (SPF 50+), sunglasses, a hat, flip flops, and a waterproof bag for a perfect beach vacation.",general,"pack, packing, beach vacation, what to bring, beach trip",0
How do I exchange currency for travel?,"You can exchange currency at banks, airports, or licensed forex counters. Avoid dynamic currency conversion. Using a forex card is often the best option.",general,"currency exchange, foreign exchange, money exchange, forex",0
Is it safe to travel to Egypt?,Egypt is generally safe for tourists especially in major tourist areas. We recommend following local guidelines and staying with guided tours.,general,"Egypt safe, safety Egypt, is Egypt safe, travel Egypt",0
What language is spoken in Bali?,"The official language of Bali is Indonesian (Bahasa Indonesia), but Balinese is also spoken. English is widely understood in tourist areas.",general,"language Bali, Bali language, Bali speak, Bali communication",0
What is the time difference between India and UK?,UK is 5.5 hours behind India (IST) during GMT and 4.5 hours behind during BST (British Summer Time).,general,"time difference India UK, time zone, IST GMT",0
Do you offer solo travel packages?,Yes! We have specially curated solo travel packages that are safe fun and connect you with other solo travelers. Ask us for details.,general,"solo travel, solo trip, travel alone, single traveler",0
Do you offer family travel packages?,"Absolutely! We have family-friendly packages with kid-friendly hotels, activities, and itineraries. Ask us about our family deals.",general,"family travel, family trip, kids, family package, children",0
What is the best destination for a budget trip?,"Thailand, Bali, Vietnam, India, and Nepal are among the most popular budget-friendly destinations. Great experiences at low costs!",general,"budget travel, cheap destination, affordable trip, budget destination",0
Can I travel during monsoon season?,"Yes, some destinations are great during monsoon! Kerala backwaters, Bali rice terraces, and Ladakh valley bloom beautifully in monsoon. Let us suggest!",general,"monsoon travel, rainy season travel, monsoon trip",0
How many days is ideal for a trip to Singapore?,"4-5 days is ideal to explore Singapore's main attractions like Gardens by the Bay, Sentosa, Marina Bay Sands, and local food streets.",general,"Singapore trip, Singapore days, how many days Singapore",0
What to do in Dubai as a tourist?,"Must-do in Dubai: Burj Khalifa, Dubai Mall, Palm Jumeirah, Desert Safari, Dubai Marina, and the Gold Souk. We have great Dubai itineraries!",general,"Dubai tourist, things to do Dubai, Dubai attractions, Dubai activities",0
What are popular tourist spots in Paris?,"Top Paris attractions: Eiffel Tower, Louvre Museum, Notre-Dame Cathedral, Champs-Élysées, Palace of Versailles, and Montmartre.",general,"Paris tourist, Paris attractions, things to do Paris, Paris visit",0
How many days do I need for Bali?,"7-10 days is ideal for Bali. You can explore Ubud, Seminyak, Kuta, Nusa Penida, and enjoy water sports and cultural temples.",general,"Bali trip, how many days Bali, Bali itinerary",0
What is the local food in Thailand?,"Thai cuisine highlights: Pad Thai, Tom Yum Soup, Green Curry, Mango Sticky Rice, and Som Tum (papaya salad). Incredibly flavorful and affordable!",general,"Thai food, food Thailand, local cuisine Thailand, what to eat Thailand",0
Is Maldives expensive?,"Maldives can be expensive for luxury overwater bungalows, but budget options in local islands like Maafushi offer great value. We have packages for all budgets.",general,"Maldives expensive, Maldives cost, Maldives budget, affordable Maldives",0
What is the capital of Australia?,The capital of Australia is Canberra. However  Sydney and Melbourne are the largest and most visited cities for tourists.,general,"Australia capital, Canberra, Australia city, Australia travel",0
Do you offer adventure travel packages?,"Yes! We offer adventure travel including trekking in Nepal, safari in Kenya, skiing in Switzerland, diving in Maldives, and more!",general,"adventure travel, trekking, safari, extreme sports, adventure package",0
What is the best city to visit in Italy?,"Top Italian cities to visit: Rome, Venice, Florence, Milan, and Amalfi Coast. Each has unique history, food, and culture.",general,"Italy travel, visit Italy, best city Italy, Italy tourism",0
Can I travel to Japan without a visa?,Citizens of many countries including India receive a visa-free or visa-on-arrival entry to Japan. Check your nationality's eligibility with us.,visa,"Japan visa, visa Japan, travel Japan, no visa Japan",0
What is the best time to visit Maldives?,The best time to visit Maldives is November to April (dry season) for clear skies and calm seas. Perfect for snorkeling and diving!,general,"best time Maldives, Maldives weather, Maldives season, when to visit Maldives",0
What is the best time to visit Thailand?,"November to February is the best time to visit Thailand — cool, dry weather and perfect for beach holidays. Avoid May to October (monsoon).",general,"best time Thailand, Thailand weather, when visit Thailand, Thailand season",0
Do you offer cruises?,"Yes! We offer cruise packages to the Mediterranean, Caribbean, Norwegian Fjords, and Southeast Asia. Amazing way to see multiple destinations!",booking,"cruise, cruise package, cruise booking, ship travel",0
Can I travel with pets?,Many airlines and hotels allow pets with the right documentation. Rules vary by country. We can advise you on pet-friendly travel options.,general,"travel with pets, pet travel, dog travel, cat travel, pet friendly",0
What is the best time to visit Dubai?,October to April is the best time to visit Dubai — pleasant weather between 20-30°C. Summer months (May-September) are extremely hot.,general,"best time Dubai, Dubai weather, when visit Dubai, Dubai climate",0
How do I get a travel itinerary?,"Once you confirm your booking, we provide a detailed travel itinerary including flights, hotels, transfers, and day-by-day activity plan.",general,"itinerary, travel plan, day by day, schedule, trip plan",0
What are the top beaches in Bali?,"Top Bali beaches: Kuta Beach, Seminyak Beach, Nusa Dua Beach, Jimbaran Bay, and Padang Padang Beach. Each has a unique vibe!",general,"Bali beach, beach Bali, best beach Bali, Bali coastline",0
Can you book a safari in Africa?,"Yes! We offer guided safari packages in Kenya (Masai Mara), Tanzania (Serengeti), South Africa, and Zimbabwe. Unforgettable wildlife experiences!",booking,"Africa safari, safari, wildlife, Masai Mara, Tanzania safari",0
What is the dress code in Dubai?,"In public areas, dress modestly — cover shoulders and knees. On beaches and resorts, swimwear is fine. In malls, avoid very revealing clothing.",general,"dress code Dubai, what to wear Dubai, Dubai clothing, modest dress",0
Do you offer student discounts on travel?,Yes! We offer special student discounts on select packages. Provide a valid student ID at the time of booking to avail the discount.,booking,"student discount, student travel, student deal, youth travel",0
What is the best honeymoon destination in Asia?,"Top Asian honeymoon destinations: Maldives, Bali, Phuket, Langkawi, and the Mekong River cruises. Romantic, exotic, and affordable!",general,"honeymoon Asia, best Asian honeymoon, romantic Asia",0
How do I get from the airport to my hotel?,We arrange airport-to-hotel transfers for all our packages. A driver with a name board will meet you at arrivals. Smooth and stress-free!,hotel,"airport transfer, hotel pickup, arrival, getting to hotel",0
Do you offer a price match guarantee?,"We strive to offer the best prices. If you find a lower price for the same package elsewhere, contact us and we'll try our best to match it.",booking,"price match, best price, lowest price, cheaper price",0
Can I extend my trip after booking?,"Yes, trip extensions can be arranged based on availability. Contact us at least 7 days before your scheduled return to explore extension options.",booking,"extend trip, trip extension, stay longer, add days",0
What should I do if I lose my passport abroad?,Immediately report it to the local police and contact your country's embassy or consulate. Keep photocopies of your passport when travelling.,general,"lost passport, passport lost abroad, emergency passport",0
What is the best way to carry money abroad?,"We recommend a combination of: forex card (most convenient), some local cash, and a backup credit card. Avoid carrying too much cash.",general,"money abroad, travel money, forex card, foreign currency, cash travel",0
Is roaming available on my phone in other countries?,"Yes, most mobile providers offer international roaming. We recommend buying a local SIM card or pocket WiFi for cheaper and better data.",general,"roaming, international SIM, phone abroad, data travel, WiFi travel",0
What are the top things to do in New York?,"Top NYC experiences: Statue of Liberty, Times Square, Central Park, Brooklyn Bridge, Metropolitan Museum of Art, and Broadway shows!",general,"New York, NYC, things to do New York, New York attractions",0
What is the climate like in Switzerland?,"Switzerland has four distinct seasons. Summers (June-August) are warm (20-25°C), winters (Dec-Feb) are cold with heavy snowfall — perfect for skiing!",general,"Switzerland climate, Switzerland weather, Switzerland temperature",0
How do I get a visa for Australia?,Australia requires a tourist visa (subclass 600) or an ETA (for eligible nationalities). We assist with the full Australian visa application process.,visa,"Australia visa, visa Australia, Australian visa, apply Australia",0
Do you offer trekking packages in Nepal?,"Yes! We offer popular Nepal treks including Everest Base Camp, Annapurna Circuit, Langtang Valley, and Poon Hill. Fully guided and supported.",booking,"Nepal trek, trekking Nepal, Everest trek, Himalayas, Nepal hiking",0
What are the top islands to visit in Greece?,"Top Greek islands: Santorini, Mykonos, Crete, Rhodes, and Corfu. Each is stunning with white-washed buildings and crystal-blue waters.",general,"Greece islands, Greek islands, Santorini, Mykonos, visit Greece",0
Can you help me plan a road trip?,Yes! We can plan scenic road trip itineraries with car rental accommodation stops and route recommendations for any destination.,booking,"road trip, self drive, car rental, driving holiday",0
What are the entry requirements for the UK?,UK entry requirements vary by nationality. Many need a UK Standard Visitor Visa. We provide full UK visa application assistance.,visa,"UK visa, United Kingdom visa, Britain visa, England visa",0
How do I get a Canada tourist visa?,"Canada tourist visa (Temporary Resident Visa) requires biometrics, financial proof, and travel intent documents. Processing takes 4-8 weeks.",visa,"Canada visa, Canadian visa, apply Canada, tourist visa Canada",0
What is the best season to see the Northern Lights?,"The Northern Lights are best viewed from September to March in destinations like Iceland, Norway, and Finland — particularly around the Arctic Circle.",general,"Northern Lights, Aurora Borealis, see Northern Lights, aurora viewing",0
Do you offer student educational tours?,"Yes! We organize educational tours for schools and colleges including historical tours in Europe, wildlife safaris, and cultural exchange programs.",booking,"student tour, educational tour, school trip, college tour",0
What is the cheapest way to travel in Europe?,"Budget tips for Europe: take budget airlines (Ryanair, EasyJet), use rail passes (Eurail), stay in hostels or Airbnb, and eat at local markets.",general,"cheap Europe travel, budget Europe, affordable Europe, save money Europe",0
How do I book a tour guide at my destination?,We provide professional licensed tour guides at most destinations. This is included in our premium packages or available as an optional add-on.,general,"tour guide, guide at destination, local guide, sightseeing guide",0
Can I travel to Turkey without a visa?,Citizens of many countries can get a Turkey e-visa online within minutes. We can help you apply for the Turkish e-visa quickly and easily.,visa,"Turkey visa, visa Turkey, Turkish e-visa, Istanbul visa",0
What is the best time to visit Sri Lanka?,December to March is best for the west and south coasts. April to September is ideal for the east coast. A great year-round destination!,general,"best time Sri Lanka, Sri Lanka weather, when visit Sri Lanka",0
Do you have packages for the Maldives?,"Yes! We have Maldives packages starting from $800 per person covering water villas, snorkeling, all-inclusive meals, and island hopping.",booking,"Maldives package, Maldives trip, Maldives booking, book Maldives",0
What is the best beach in Thailand?,"Top Thai beaches: Railay Beach (Krabi), Patong Beach (Phuket), Chaweng Beach (Koh Samui), and Haad Rin (Koh Phangan).",general,"best beach Thailand, Thailand beach, Thai beach, beach vacation Thailand",0
How many days are enough for a Switzerland trip?,"7-10 days is ideal for Switzerland to cover Zurich, Interlaken, Lucerne, Zermatt (Matterhorn), and Jungfraujoch glacier.",general,"Switzerland trip, how many days Switzerland, Switzerland itinerary",0
Do you offer all-inclusive vacation packages?,"Yes! Our all-inclusive packages cover flights, hotel, meals, transfers, and selected activities — worry-free and great value for money.",booking,"all inclusive, all-inclusive, full package, everything included",0
What is the minimum budget for a 7-day Europe trip?,"A 7-day budget Europe trip can cost $1,200 - $1,800 per person including flights, budget hotels, and meals. Premium options start from $3,000.",general,"Europe budget, cost Europe trip, how much Europe, Europe price",0
Do you offer corporate travel management?,"Yes! We provide full corporate travel management including business class bookings, MICE events, and employee travel policies.",booking,"corporate travel, business travel, MICE, corporate package",0
What is the process to book with your company?,Simply chat with us here share your travel requirements (destination dates)  and we'll send you a customized itinerary and quote within 24 hours!,booking,"how to book, booking process, get started, travel inquiry",0
How long is the flight from India to Dubai?,"The flight from India to Dubai is approximately 3-4 hours depending on the departure city (Mumbai ~3h, Delhi ~3.5h, Chennai ~3.5h).",flight,"flight India Dubai, India to Dubai, how long Dubai flight",0
How long is the flight from India to USA?,"Flights from India to USA take approximately 15-18 hours with a layover, or 16+ hours non-stop depending on the route.",flight,"India to USA flight, flight time USA, India America flight duration",0
How long is the flight from India to UK?,"Direct flights from India (Mumbai/Delhi) to London take approximately 9-10 hours. With a layover, it can be 12-16 hours.",flight,"India to UK, India to London, flight time UK, India England flight",0
What is the visa fee for Schengen?,The Schengen visa application fee is €80 for adults and €40 for children (6-12 years). Children under 6 are free.,visa,"Schengen fee, visa cost Schengen, how much Schengen visa",0
Is GST applicable on travel packages?,"Yes, GST is applicable on travel services in India — typically 5% on tour packages. We provide GST invoices for all bookings.",booking,"GST, tax, GST on travel, invoice",0
Do you offer wheelchair accessible tours?,"Yes! We have specially designed accessible tours for differently-abled travelers including accessible hotels, transport, and sightseeing options.",general,"wheelchair, accessible travel, disability travel, accessible tour",0
Can I book a private tour?,"Yes! We offer private tours and tailor-made experiences for individuals, couples, and families who prefer a personalized travel experience.",booking,"private tour, private travel, exclusive tour, private trip",0
What is included in a Dubai desert safari?,"A typical Dubai Desert Safari includes dune bashing, camel riding, sandboarding, traditional henna, belly dance show, BBQ dinner, and a stargazing experience.",general,"desert safari, Dubai safari, safari included, dune bashing",0
How do I track my visa application status?,Most embassies provide an online tracking link or reference number after submission. We also monitor your application and update you proactively.,visa,"visa status, track visa, visa tracking, visa update",0
Is it safe to travel to Bali?,Bali is generally very safe for tourists. It's one of the most visited islands in the world. Take normal precautions against petty theft.,general,"Bali safe, safety Bali, is Bali safe, Bali security",0
What is the local transport in Bangkok?,"Bangkok has excellent local transport: BTS Skytrain, MRT Metro, Tuk-tuks, taxis, and river boats. Very affordable and convenient!",general,"Bangkok transport, local transport Bangkok, getting around Bangkok, BTS",0
Do you offer travel for senior citizens?,"Yes! We have senior-friendly travel packages with comfortable hotels, slower-paced itineraries, medical assistance availability, and wheelchair support.",general,"senior travel, elderly travel, senior citizen, old age travel",0
What travel documents do I need besides a passport?,"Besides your passport, you may need a visa, travel insurance, hotel booking confirmation, return flight ticket, and sometimes yellow fever vaccination certificate.",general,"travel documents, what documents needed, documents for travel",0
Can I get a refund if I cancel my package?,Refund policy depends on the package type and time of cancellation. Early cancellations (30+ days) may receive full refund. Check your package T&Cs.,booking,"refund package, cancel package, package refund, money back package",0
What is the best app for travel?,"Popular travel apps: Google Maps (navigation), Airbnb (accommodation), Skyscanner (flights), TripAdvisor (reviews), XE Currency (exchange rates), and Duolingo (language).",general,"travel app, best app travel, apps for travelling, travel technology",0
Do you assist with travel for medical purposes?,"Yes, we assist with medical tourism packages including hospital tie-ups, medical visa assistance, and accommodation near treatment centers.",general,"medical travel, medical tourism, treatment abroad, health tourism",0
What is the minimum travel group size?,We cater to solo travelers (1 person) all the way to large groups (100+ people). No minimum group size required!,general,"minimum group, group size, solo, how many people",0
Do you offer religious tour packages?,"Yes! We have special religious tour packages including Hajj & Umrah, Char Dham Yatra, Kailash Mansarovar, Israel Holy Land, and Vatican tours.",booking,"religious tour, pilgrimage, Hajj, Umrah, Char Dham, holy tour",0
What is the best time to visit Canada?,June to August is best for sightseeing and outdoor activities. December to March is ideal for skiing in Whistler and Banff.,general,"best time Canada, Canada weather, when visit Canada, Canada season",0
Do you offer skiing holiday packages?,"Yes! We have ski holiday packages in Switzerland (Zermatt), Austria (Innsbruck), France (Chamonix), and Canada (Whistler).",booking,"skiing holiday, ski package, ski trip, snow vacation, skiing",0
How do I contact your team directly?,"You can reach our travel experts via this chat, email, phone, or WhatsApp. We're available 24/7 to assist you with your travel needs!",general,"contact, reach you, how to contact, customer support, help",0
What are the visa requirements for Thailand?,Indian passport holders need a visa-on-arrival...,visa,"visa,thailand,passport",0
How do I book a flight?,You can book by...,booking,"book,flight,ticket",0
What are the visa requirements for Thailand?,"Indian passport holders can get a Visa on Arrival for 15 days. You need a valid passport (6+ months), return ticket, and proof of funds (~10,000 THB). Fee is around $35.",visa,"visa,thailand,passport",0
Do I need a visa for Dubai?,"Indians can get a UAE visa on arrival for 14 days for free. For longer stays, apply for a 30-day tourist visa (~?8,000) through an airline or travel agent.",visa,"visa,dubai,uae,passport",0
What documents are required for international travel?,"You need a valid passport, visa (if required), flight tickets, hotel booking proof, travel insurance, and sufficient funds. Some countries also ask for a return ticket.",visa,"documents,passport,international,travel",0
How do I book a flight ticket?,"You can book flights through our travel desk. Share your source, destination, travel dates, and number of passengers — we'll get you the best fares.",booking,"book,flight,ticket,airline",0
What is the best time to visit Goa?,"October to March is the best time to visit Goa. The weather is pleasant (20–32°C), beaches are clean, and all tourist spots are open. December–January is peak season.",general,"goa,best time,visit,weather",0
How much does a Maldives trip cost?,"A 4-night Maldives package typically costs ?45,000–?80,000 per person including flights from India, water villa, and meals. Budget packages start at ?35,000.",booking,"maldives,cost,price,package",0
What is the best hotel in Paris?,"Top hotels in Paris include the Le Marais Boutique (budget), Hotel Eiffel Blomet (mid-range), and The Ritz Paris (luxury). We recommend booking 2–3 months in advance.",hotel,"hotel,paris,stay,accommodation",0
How do I cancel my flight booking?,"Flight cancellations depend on the airline's policy. Most airlines allow free cancellation within 24 hours of booking. After that, charges of ?1,500–?5,000 may apply.",booking,"cancel,cancellation,refund,flight",0
What is travel insurance and do I need it?,"Travel insurance covers medical emergencies, trip cancellations, lost baggage, and flight delays. It's strongly recommended for international travel. Cost is ?500–?2,000 per trip.",general,"insurance,travel insurance,cover",0
How many days in advance should I book flights?,Domestic flights are cheapest 3–6 weeks in advance. International flights are best booked 2–3 months ahead. Last-minute fares can be 2–3x higher.,booking,"advance,book,cheap,fare,when",0
What are popular tourist places in Europe?,"Top European destinations include Paris (France), Rome (Italy), Barcelona (Spain), Amsterdam (Netherlands), and Prague (Czech Republic). A 10-day Europe trip covers 3–4 countries easily.",general,"europe,tourist,places,destinations",0
What is the flight duration from Mumbai to London?,A direct flight from Mumbai to London takes about 9–10 hours. Airlines like Air India and British Airways operate this route daily.,flight,"flight,mumbai,london,duration,hours",0
What airlines fly from Delhi to Bangkok?,"IndiGo, Air India, Thai Airways, and Bangkok Airways operate flights from Delhi to Bangkok. Flight time is approximately 4–4.5 hours. Fares start from ?12,000 return.",flight,"delhi,bangkok,airline,flight",0
Can I get a group discount on hotel booking?,Yes! Groups of 10 or more travelers get 10–20% discount on hotel bookings. Contact our team with group size and travel dates for a custom quote.,hotel,"group,discount,hotel,booking",0
What is a honeymoon package?,"Our honeymoon packages include romantic destinations like Bali, Maldives, Kerala, and Santorini. Packages cover flights, couple's resort stay, candlelight dinner, and sightseeing. Prices from ?40,000/couple.",booking,"honeymoon,couple,romantic,package",0
How do I apply for a passport?,"Apply online at passportindia.gov.in. Book an appointment, pay fees (?1,500 for normal, ?2,000 for Tatkaal), visit your nearest Passport Seva Kendra with ID/address proof, and receive it in 7–30 days.",visa,"passport,apply,how,new",0
What is included in a tour package?,"A standard tour package includes return flights, hotel accommodation, daily breakfast, airport transfers, sightseeing with a guide, and a tour manager. Some packages also include all meals.",booking,"package,include,tour,",0
whatIs Bali safe for solo female travelers?,"Yes, Bali is considered very safe for solo female travelers. Ubud and Seminyak are particularly popular. Stick to well-lit areas at night, use registered taxis, and keep your hotel's number handy.",general,"bali,safe,solo,female,travel",0
What is the baggage allowance on international flights?,Most international flights allow 23 kg check-in baggage and 7 kg cabin baggage per person. Business class allows 32–40 kg. Always verify with your specific airline before travel.,flight,"baggage,allowance,luggage,kg,weight",0
How do I reach customer support?,You can reach our travel support team by filling in your name and email in the chat. We'll contact you within 2 hours with personalized travel assistance.,general,"contact,support,help,customer,reach",0
